code,issue,title,image,article
20130720_FNC104,20130720,Working weak,https://web.archive.org/web/20191119172627id_/https://www.economist.com/img/b/1280/675/85/sites/default/files/images/2013/07/articles/body/20130720_fnc104.png,https://www.economist.com/news/finance-and-economics/21581977-why-missing-out-one-job-application-bad-news-your-chances
20160827_FBC212,20160827,Kids are costly,https://web.archive.org/web/20170429155956id_/http://cdn.static-economist.com/sites/default/files/images/print-edition/20160827_FBC212.png,https://www.economist.com/news/briefing/21705678-our-poll-19-countries-reveals-neglected-global-scourge-number-would-be-parents-who
20161022_FNC897,20161022,Fretful and gloomy,https://web.archive.org/web/20190619201934id_/https://cdn.static-economist.com/sites/default/files/images/2016/10/articles/body/20161022_fnc897.png,https://www.economist.com/news/finance-and-economics/21709018-both-economic-hardship-and-racial-divisions-fuel-support-donald-trump-subtract
20121222_IRC929,20121222,"The world's religious make-up",https://web.archive.org/web/20180719192417id_/https://cdn.static-economist.com/sites/default/files/images/2012/12/articles/main/20121222_irc929.png,https://www.economist.com/news/international/21568736-faiths-and-faithless
20121110_USC974,20121110,"Who voted how",https://web.archive.org/web/20190620140207id_/https://cdn.static-economist.com/sites/default/files/images/2012/11/articles/body/20121110_USC974_0.png,https://www.economist.com/news/united-states/21565995-niche-campaigning-negativity-and-nitty-gritty-organisation-put-barack-obama-back
20140222_MAC376,20140222,Feeding the masses,https://web.archive.org/web/20230811205434id_/https://www.economist.com/sites/default/files/images/print-edition/20140222_MAC376.png,https://www.economist.com/news/middle-east-and-africa/21596978-gulf-arabs-are-debating-how-best-feed-themselves-how-keep-stomachs-full
20141101_INC124,20141101,Gender equality,https://web.archive.org/web/20141231121522id_/http://cdn.static-economist.com/sites/default/files/images/2014/10/articles/main/20141101_inc124.png,https://www.economist.com/news/economic-and-financial-indicators/21629478-gender-equality
20151107_CNC399,20151107,Enclave of near normality,https://web.archive.org/web/20170209133329id_/http://cdn.static-economist.com/sites/default/files/images/print-edition/20151107_CNC399.png,https://www.economist.com/news/china/21678006-small-town-offers-glimpse-what-two-child-china-might-look-now-two-child-policy
20130323_FNC299,20130323,Trending down,https://web.archive.org/web/20210212012717id_/https://www.economist.com/sites/default/files/images/print-edition/20130323_FNC299.png,https://www.economist.com/news/finance-and-economics/21573969-demography-may-explain-weakness-americas-recovery-where-did-everyone-go
20150328_SRC422,20150328,Need to know,https://web.archive.org/web/20170204202816id_/http://cdn.static-economist.com/sites/default/files/images/print-edition/20150328_SRC422.png,https://www.economist.com/news/special-report/21646988-americas-higher-education-system-no-longer-delivering-all-it-should-flagging-model
20140426_EBC776,20140426,The way to go,https://web.archive.org/web/20211221022027id_/https://www.economist.com/img/b/1280/1399/90/sites/default/files/20140426_EBC776.png,https://www.economist.com/news/briefing/21601240-warren-buffetts-50-years-running-berkshire-hathaway-have-been-one-businesss-most-impressive
20140104_STC094,20140104,Decoding for cents,https://web.archive.org/web/20190907170159id_/https://www.economist.com/sites/default/files/images/print-edition/20140104_STC094.png,https://www.economist.com/news/science-and-technology/21592599-researchers-and-drug-companies-are-ganging-up-new-push-against
20140111_USC135,20140111,Death rate (logarithmic scale) plotted against age,https://web.archive.org/web/20170823142043id_/https://cdn.static-economist.com/sites/default/files/images/print-edition/20140111_USC135.png,https://www.economist.com/news/united-states/21593500-where-theres-smoke
20150502_FNC077,20150502,Mexican waves,https://web.archive.org/web/20170324114006id_/http://cdn.static-economist.com/sites/default/files/images/print-edition/20150502_FNC077.png,https://www.economist.com/news/finance-and-economics/21650156-investors-take-century-long-bet-boom-and-bust-mexico-100-year-view
20130302_BRC160,20130302,Flatlined,https://web.archive.org/web/20190620131744id_/https://cdn.static-economist.com/sites/default/files/images/2013/03/blogs/free-exchange/20130302_brc160.png,https://www.economist.com/news/britain/21572766-why-talk-implausible-policy-welcome-negative-response
20130112_FBC745,20130112,One big wave,https://web.archive.org/web/20170323055859id_/http://cdn.static-economist.com/sites/default/files/images/2013/01/articles/body/20130112_FBC745_0.png,https://www.economist.com/news/briefing/21569381-idea-innovation-and-new-technology-have-stopped-driving-growth-getting-increasing
20150606_STC514,20150606,"Better, longer",https://web.archive.org/web/20171228054119id_/https://cdn.static-economist.com/sites/default/files/images/print-edition/20150606_STC514.png,https://www.economist.com/news/science-and-technology/21653602-doctors-are-tryingwith-some-successto-recruit-immune-system-help
20140802_IRC405,20140802,"Exports, $bn",https://web.archive.org/web/20190619230507id_/https://cdn.static-economist.com/sites/default/files/images/2014/07/articles/main/20140802_irc405.png,https://www.economist.com/news/international/21610243-redrawing-map
20150516_EUC263,20150516,A dismal trend,https://web.archive.org/web/20220812201322id_/https://www.economist.com/sites/default/files/images/print-edition/20150516_EUC263.png,https://www.economist.com/news/europe/21651258-misguided-effort-fix-school-system-leaves-too-many-losers-behind-high-flyers-and-sad
20150912_CNC691,20150912,Local difficulties,https://web.archive.org/web/20220722015728id_/https://www.economist.com/sites/default/files/images/print-edition/20150912_CNC691.png,https://www.economist.com/news/china/21664238-buried-debt-government-struggles-lure-investors-local-projects-looking-ways
20140125_IRC184,20140125,Carnage,https://web.archive.org/web/20190620230842id_/https://cdn.static-economist.com/sites/default/files/images/print-edition/20140125_IRC184.png,https://www.economist.com/news/international/21595031-rich-countries-have-cut-deaths-and-injuries-caused-crashes-toll-growing
20150523_WWC955,20150523,Britain's consumer prices,https://web.archive.org/web/20230731204930id_/https://www.economist.com/img/b/1000/1061/90/sites/default/files/20150523_WWC955.png,https://www.economist.com/news/world-week/21651882-business-week
20121027_WBC329,20121027,"China's rise, Japan's fall",https://web.archive.org/web/20170928150528id_/https://cdn.static-economist.com/sites/default/files/images/print-edition/20121027_WBC329.png,https://www.economist.com/news/business/21565244-chinese-firms-are-new-challengers-global-construction-business-great-wall-builders
20140621_LDC201,20140621,Britain's consumer prices,https://web.archive.org/web/20180517122831id_/https://cdn.static-economist.com/sites/default/files/images/print-edition/20140621_LDC201.png,https://www.economist.com/news/leaders/21604560-both-britain-and-america-financial-excesses-are-best-countered-rules-not-interest
20150124_WWC794,20150124,Brent crude oil price,https://web.archive.org/web/20150125045143id_/http://cdn.static-economist.com/sites/default/files/images/2015/01/articles/main/20150124_wwc794.png,https://www.economist.com/news/world-week/21640443-business-week
20150307_USC347,20150307,America the outlier,https://web.archive.org/web/20170311162122id_/http://cdn.static-economist.com/sites/default/files/images/print-edition/20150307_USC347.png,https://www.economist.com/news/united-states/21645855-growth-americas-health-care-spending-slowing-will-obamacare-cut-costs
20150919_FNC795,20150919,...better for some,https://web.archive.org/web/20230731043219id_/https://www.economist.com/img/b/600/581/90/sites/default/files/images/2015/09/articles/body/20150919_fnc795.png,https://www.economist.com/news/finance-and-economics/21665040-slowdown-global-trade-growth-bad-news-many-emerging-markets-becalmed
20140517_IRC893,20140517,Breaking the habit,https://web.archive.org/web/20230818191554id_/https://www.economist.com/sites/default/files/images/print-edition/20140517_IRC893.png,https://www.economist.com/news/international/21602252-although-priests-caused-scandals-it-number-nuns-falling-fewer-are
20150207_WBC033,20150207,Fuels rush out,https://web.archive.org/web/20201031234649id_/https://www.economist.com/sites/default/files/images/print-edition/20150207_WBC033_0.png,https://www.economist.com/news/business/21642179-exports-hydrocarbons-america-are-already-booming-lifting-ban-crude-oil-exports
20130525_EUC676,20130525,Jobless in Castile,https://web.archive.org/web/20170219230851id_/http://cdn.static-economist.com/sites/default/files/images/print-edition/20130525_EUC676_0.png,https://www.economist.com/news/europe/21578415-it-young-who-suffer-most-high-unemployment-indignant-undignified
20130126_CNC824,20130126,Labour's lost,https://web.archive.org/web/20170706003328id_/https://cdn.static-economist.com/sites/default/files/images/print-edition/20130126_CNC824.png,https://www.economist.com/news/china/21570750-first-two-articles-about-impact-chinas-one-child-policy-we-look-shrinking
20121215_STC646,20121215,Goal keeping,https://web.archive.org/web/20191128100157id_/https://www.economist.com/sites/default/files/images/print-edition/20121215_STC646.png,https://www.economist.com/news/science-and-technology/21568363-people-are-living-longer-ever-what-they-are-dying-changing
20120225_FNC628,20120225,Temps perdu,https://web.archive.org/web/20220818200051id_/https://www.economist.com/sites/default/files/images/print-edition/20120225_FNC628.png,https://www.economist.com/node/21548234
20130126_BRC845,20130126,Off the beaten track,https://web.archive.org/web/20200707124232id_/https://www.economist.com/sites/default/files/images/print-edition/20130126_BRC845.png,https://www.economist.com/news/britain/21570692-dive-britains-productivity-puzzle-uncovers-serious-risk-economy-job-rich
20140913_USC660,20140913,Could do better,https://web.archive.org/web/20211206150746id_/https://www.economist.com/sites/default/files/images/print-edition/20140913_USC660.png,https://www.economist.com/news/united-states/21616962-neel-kashkari-will-not-unseat-californias-democratic-governor-he-may-help-his-party
20141018_BRC006,20141018,You take the high tax road,https://web.archive.org/web/20200826143742id_/https://www.economist.com/sites/default/files/images/print-edition/20141018_BRC006.png,https://www.economist.com/news/britain/21625856-proposals-change-property-taxes-abound-none-perfect-lessons-mr-smith
20130323_EUC289,20130323,Lagging behind the neighbour,https://web.archive.org/web/20190923194717id_/https://www.economist.com/sites/default/files/images/print-edition/20130323_EUC289.png,https://www.economist.com/news/europe/21574028-imf-delivers-unexpected-message-dutch-focus-growth
20121215_INC644,20121215,Patent applications,https://web.archive.org/web/20191128083937id_/https://www.economist.com/sites/default/files/images/print-edition/20121215_INC644.png,https://www.economist.com/news/economic-and-financial-indicators/21568402-patent-applications
