half,charts,ground_2012,ground_later,dark_panel,light_panel,tab,coral,blue_gray,light_green,pink
2012H1,323,0.966,0.012,0.071,0.0,1.0,0.003,0.272,0.043,0.022
2012H2,325,0.455,0.52,0.092,0.003,0.997,0.009,0.295,0.022,0.046
2013H1,485,0.0,0.988,0.064,0.004,0.988,0.002,0.28,0.033,0.012
2013H2,408,0.0,0.988,0.044,0.0,0.995,0.0,0.346,0.039,0.015
2014H1,506,0.002,0.962,0.059,0.006,0.988,0.0,0.3,0.047,0.034
2014H2,498,0.002,0.968,0.078,0.008,0.98,0.0,0.263,0.048,0.052
2015H1,627,0.0,0.968,0.113,0.008,0.978,0.043,0.169,0.061,0.046
2015H2,577,0.0,0.887,0.054,0.054,0.976,0.107,0.153,0.069,0.092
2016H1,585,0.0,0.872,0.009,0.087,0.976,0.085,0.126,0.091,0.074
2016H2,547,0.0,0.901,0.005,0.073,0.993,0.073,0.082,0.112,0.117
