measure,n,of,note
title.pages.plain,151,153,
title.pages.statement,0,153,
title.pages.pun,1,153,
title.pages.idiom,1,153,
title.pages.allusion,0,153,
title.pages.wordplay,2,153,
title.stories.plain,38,644,
title.stories.statement,265,644,
title.stories.pun,159,644,
title.stories.idiom,117,644,
title.stories.allusion,65,644,
title.stories.wordplay,341,644,
title.stories.wordplay.2012,93,158,
title.stories.wordplay.2013,77,163,
title.stories.wordplay.2014,92,160,
title.stories.wordplay.2015,79,163,
title.words_le4,709,797,
title.question,18,797,
title.words_median,3,797,median words
subtitle.unit_last,370,800,the last comma-separated term of the subtitle is a unit
subtitle.year,217,800,
subtitle.percent,299,800,
subtitle.pct_gdp,48,800,
subtitle.on_year_earlier,62,800,
subtitle.index,35,800,
subtitle.bn,70,800,
subtitle.trn,17,800,
subtitle.thousand,39,800,
subtitle.m,41,800,
subtitle.spelled_magnitude,6,800,
subtitle.colon_end,32,800,
subtitle.percentage_points,7,800,
subtitle.empty,56,800,
subtitle.has_unit,579,800,a unit-like term anywhere in the subtitle
subtitle.empty_panels,44,56,charts with no subtitle that are panel or composite charts with panel headings
